full_name,fname,lname,email,phone,title
Mildred Banks,Mildred,Banks,mbanks0@dailymail.co.uk,62-(821)566-8880,Administrative Assistant II
Diana Gonzales,Diana,Gonzales,dgonzales1@ocn.ne.jp,86-(511)259-3579,Environmental Tech
Heather Flores,Heather,Flores,hflores2@howstuffworks.com,48-(632)254-6628,Operator
Kathryn Hall,Kathryn,Hall,khall3@ed.gov,1-(347)242-5739,Project Manager
Annie Robinson,Annie,Robinson,arobinson4@virginia.edu,691-(463)945-0503,Research Assistant I
Stephen Scott,Stephen,Scott,sscott5@multiply.com,593-(689)943-5446,Structural Analysis Engineer
Matthew Ortiz,Matthew,Ortiz,mortiz6@un.org,86-(282)823-6849,Research Assistant I
Philip Hamilton,Philip,Hamilton,phamilton7@cdbaby.com,63-(298)646-4220,Human Resources Manager
Peter Robinson,Peter,Robinson,probinson8@ed.gov,81-(990)555-7048,Community Outreach Specialist
Melissa Lane,Melissa,Lane,mlane9@purevolume.com,86-(340)123-4184,Project Manager
Carl White,Carl,White,cwhitea@linkedin.com,1-(862)435-9195,VP Accounting
Jack Thomas,Jack,Thomas,jthomasb@addthis.com,33-(599)751-7998,Software Test Engineer II
Sandra Duncan,Sandra,Duncan,sduncanc@opensource.org,86-(184)615-5193,Office Assistant I
Brenda Reed,Brenda,Reed,breedd@cbsnews.com,45-(648)549-9869,Accounting Assistant III
Emily Smith,Emily,Smith,esmithe@amazon.co.uk,351-(242)913-2568,Data Coordiator
Keith George,Keith,George,kgeorgef@ehow.com,86-(966)722-9544,Product Engineer
Brenda Jones,Brenda,Jones,bjonesg@alibaba.com,31-(762)924-5897,Occupational Therapist
Nicholas Wells,Nicholas,Wells,nwellsh@amazon.com,86-(122)185-7499,Safety Technician I
Teresa Barnes,Teresa,Barnes,tbarnesi@wikipedia.org,54-(521)242-4280,Pharmacist
Phyllis Freeman,Phyllis,Freeman,pfreemanj@linkedin.com,7-(206)473-5531,Nurse Practicioner
Julie Parker,Julie,Parker,jparkerk@google.de,62-(840)682-0900,Computer Systems Analyst IV
Adam Warren,Adam,Warren,awarrenl@163.com,30-(107)239-4677,Research Assistant I
Shirley Powell,Shirley,Powell,spowellm@state.tx.us,55-(899)577-4753,Financial Analyst
Jeremy Olson,Jeremy,Olson,jolsonn@ameblo.jp,63-(620)846-7707,Chemical Engineer
Pamela Fields,Pamela,Fields,pfieldso@last.fm,86-(559)224-6330,Librarian
Michael Freeman,Michael,Freeman,mfreemanp@usda.gov,84-(827)153-8341,Graphic Designer
Helen Crawford,Helen,Crawford,hcrawfordq@nyu.edu,420-(243)832-1470,VP Accounting
Debra Woods,Debra,Woods,dwoodsr@webnode.com,49-(771)806-9168,Associate Professor
Carol Edwards,Carol,Edwards,cedwardss@multiply.com,86-(866)335-5220,Senior Cost Accountant
Charles Simpson,Charles,Simpson,csimpsont@cocolog-nifty.com,7-(142)442-9563,Accountant I